source,target
Node_0,Node_1
Node_0,Node_2
Node_0,Node_3
Node_0,Node_13
Node_0,Node_18
Node_0,Node_30
Node_0,Node_57
Node_0,Node_69
Node_1,Node_4
Node_1,Node_5
Node_1,Node_6
Node_1,Node_8
Node_1,Node_13
Node_1,Node_14
Node_1,Node_20
Node_1,Node_25
Node_1,Node_27
Node_1,Node_28
Node_1,Node_34
Node_1,Node_36
Node_1,Node_45
Node_1,Node_46
Node_1,Node_51
Node_1,Node_68
Node_1,Node_92
Node_2,Node_3
Node_2,Node_4
Node_2,Node_15
Node_2,Node_28
Node_2,Node_41
Node_2,Node_66
Node_3,Node_5
Node_3,Node_9
Node_3,Node_12
Node_3,Node_23
Node_3,Node_33
Node_3,Node_40
Node_3,Node_43
Node_3,Node_59
Node_3,Node_66
Node_3,Node_76
Node_4,Node_10
Node_4,Node_11
Node_4,Node_18
Node_4,Node_19
Node_4,Node_22
Node_4,Node_29
Node_4,Node_31
Node_4,Node_33
Node_4,Node_37
Node_4,Node_47
Node_4,Node_60
Node_4,Node_88
Node_4,Node_95
Node_5,Node_6
Node_5,Node_7
Node_5,Node_8
Node_5,Node_9
Node_5,Node_10
Node_5,Node_12
Node_5,Node_17
Node_5,Node_38
Node_5,Node_47
Node_5,Node_54
Node_5,Node_56
Node_5,Node_57
Node_5,Node_62
Node_5,Node_70
Node_5,Node_72
Node_5,Node_76
Node_5,Node_80
Node_5,Node_81
Node_5,Node_95
Node_6,Node_7
Node_6,Node_11
Node_6,Node_23
Node_6,Node_29
Node_6,Node_32
Node_6,Node_48
Node_6,Node_51
Node_6,Node_61
Node_6,Node_73
Node_6,Node_86
Node_6,Node_98
Node_7,Node_14
Node_7,Node_16
Node_7,Node_17
Node_7,Node_24
Node_7,Node_42
Node_7,Node_60
Node_7,Node_77
Node_8,Node_46
Node_8,Node_50
Node_8,Node_94
Node_9,Node_19
Node_9,Node_26
Node_9,Node_54
Node_11,Node_15
Node_11,Node_16
Node_11,Node_24
Node_11,Node_27
Node_11,Node_31
Node_11,Node_35
Node_11,Node_41
Node_11,Node_44
Node_11,Node_52
Node_11,Node_70
Node_11,Node_77
Node_11,Node_82
Node_11,Node_90
Node_12,Node_21
Node_12,Node_34
Node_12,Node_55
Node_12,Node_59
Node_13,Node_36
Node_13,Node_84
Node_15,Node_30
Node_15,Node_48
Node_15,Node_65
Node_15,Node_73
Node_15,Node_78
Node_15,Node_85
Node_17,Node_26
Node_17,Node_35
Node_18,Node_22
Node_18,Node_90
Node_19,Node_20
Node_19,Node_21
Node_19,Node_25
Node_19,Node_53
Node_19,Node_91
Node_20,Node_87
Node_21,Node_40
Node_22,Node_67
Node_24,Node_49
Node_24,Node_55
Node_24,Node_64
Node_24,Node_72
Node_25,Node_32
Node_25,Node_43
Node_25,Node_92
Node_26,Node_38
Node_26,Node_61
Node_26,Node_68
Node_26,Node_74
Node_27,Node_63
Node_28,Node_67
Node_28,Node_89
Node_30,Node_39
Node_30,Node_83
Node_31,Node_52
Node_32,Node_62
Node_32,Node_64
Node_33,Node_63
Node_34,Node_44
Node_34,Node_45
Node_34,Node_58
Node_35,Node_37
Node_35,Node_42
Node_36,Node_39
Node_36,Node_53
Node_37,Node_65
Node_38,Node_58
Node_38,Node_84
Node_38,Node_93
Node_39,Node_69
Node_39,Node_71
Node_39,Node_98
Node_42,Node_50
Node_43,Node_71
Node_43,Node_75
Node_48,Node_49
Node_48,Node_56
Node_48,Node_82
Node_48,Node_97
Node_51,Node_88
Node_51,Node_91
Node_51,Node_96
Node_53,Node_99
Node_54,Node_81
Node_57,Node_78
Node_57,Node_89
Node_57,Node_94
Node_58,Node_75
Node_65,Node_80
Node_65,Node_87
Node_68,Node_79
Node_70,Node_79
Node_70,Node_85
Node_70,Node_93
Node_70,Node_99
Node_72,Node_74
Node_78,Node_83
Node_83,Node_86
Node_89,Node_96
Node_95,Node_97
